ARB,Arab World,DZA,Algeria
ARB,Arab World,BHR,Bahrain
ARB,Arab World,COM,Comoros
ARB,Arab World,DJI,Djibouti
ARB,Arab World,EGY,Egypt
ARB,Arab World,IRQ,Iraq
ARB,Arab World,JOR,Jordan
ARB,Arab World,KWT,Kuwait
ARB,Arab World,LBN,Lebanon
ARB,Arab World,LBY,Libya
ARB,Arab World,MRT,Mauritania
ARB,Arab World,MAR,Morocco
ARB,Arab World,OMN,Oman
ARB,Arab World,QAT,Qatar
ARB,Arab World,SAU,Saudi Arabia
ARB,Arab World,SOM,Somalia
ARB,Arab World,SDN,Sudan
ARB,Arab World,SYR,Syrian Arab Republic
ARB,Arab World,TUN,Tunisia
ARB,Arab World,ARE,United Arab Emirates
ARB,Arab World,PSE,West Bank and Gaza
ARB,Arab World,YEM,Yemen
CEB,Central Europe and the Baltics,BGR,Bulgaria
CEB,Central Europe and the Baltics,HRV,Croatia
CEB,Central Europe and the Baltics,CZE,Czech Republic
CEB,Central Europe and the Baltics,EST,Estonia
CEB,Central Europe and the Baltics,HUN,Hungary
CEB,Central Europe and the Baltics,LVA,Latvia
CEB,Central Europe and the Baltics,LTU,Lithuania
CEB,Central Europe and the Baltics,POL,Poland
CEB,Central Europe and the Baltics,ROU,Romania
CEB,Central Europe and the Baltics,SVK,Slovak Republic
CEB,Central Europe and the Baltics,SVN,Slovenia
CSS,Caribbean small states,ATG,Antigua and Barbuda
CSS,Caribbean small states,BHS,Bahamas
CSS,Caribbean small states,BRB,Barbados
CSS,Caribbean small states,BLZ,Belize
CSS,Caribbean small states,DMA,Dominica
CSS,Caribbean small states,GRD,Grenada
CSS,Caribbean small states,GUY,Guyana
CSS,Caribbean small states,JAM,Jamaica
CSS,Caribbean small states,KNA,St. Kitts and Nevis
CSS,Caribbean small states,LCA,St. Lucia
CSS,Caribbean small states,VCT,St. Vincent and the Grenadines
CSS,Caribbean small states,SUR,Suriname
CSS,Caribbean small states,TTO,Trinidad and Tobago
EAP,East Asia & Pacific (excluding high income),ASM,American Samoa
EAP,East Asia & Pacific (excluding high income),KHM,Cambodia
EAP,East Asia & Pacific (excluding high income),CHN,China
EAP,East Asia & Pacific (excluding high income),FJI,Fiji
EAP,East Asia & Pacific (excluding high income),IDN,Indonesia
EAP,East Asia & Pacific (excluding high income),KIR,Kiribati
EAP,East Asia & Pacific (excluding high income),PRK,Korea DPR (North)
EAP,East Asia & Pacific (excluding high income),LAO,Lao PDR
EAP,East Asia & Pacific (excluding high income),MYS,Malaysia
EAP,East Asia & Pacific (excluding high income),MHL,Marshall Islands
EAP,East Asia & Pacific (excluding high income),FSM,Micronesia
EAP,East Asia & Pacific (excluding high income),MNG,Mongolia
EAP,East Asia & Pacific (excluding high income),MMR,Myanmar
EAP,East Asia & Pacific (excluding high income),NRU,Nauru
EAP,East Asia & Pacific (excluding high income),PNG,Papua New Guinea
EAP,East Asia & Pacific (excluding high income),PHL,Philippines
EAP,East Asia & Pacific (excluding high income),WSM,Samoa
EAP,East Asia & Pacific (excluding high income),SLB,Solomon Islands
EAP,East Asia & Pacific (excluding high income),THA,Thailand
EAP,East Asia & Pacific (excluding high income),TLS,Timor-Leste
EAP,East Asia & Pacific (excluding high income),TON,Tonga
EAP,East Asia & Pacific (excluding high income),TUV,Tuvalu
EAP,East Asia & Pacific (excluding high income),VUT,Vanuatu
EAP,East Asia & Pacific (excluding high income),VNM,Vietnam
EAS,East Asia & Pacific,ASM,American Samoa
EAS,East Asia & Pacific,AUS,Australia
EAS,East Asia & Pacific,BRN,Brunei Darussalam
EAS,East Asia & Pacific,KHM,Cambodia
EAS,East Asia & Pacific,CHN,China
EAS,East Asia & Pacific,FJI,Fiji
EAS,East Asia & Pacific,PYF,French Polynesia
EAS,East Asia & Pacific,GUM,Guam
EAS,East Asia & Pacific,HKG,Hong Kong SAR
EAS,East Asia & Pacific,IDN,Indonesia
EAS,East Asia & Pacific,JPN,Japan
EAS,East Asia & Pacific,KIR,Kiribati
EAS,East Asia & Pacific,PRK,Korea DPR (North)
EAS,East Asia & Pacific,KOR,Korea (South)
EAS,East Asia & Pacific,LAO,Lao PDR
EAS,East Asia & Pacific,MAC,Macao SAR
EAS,East Asia & Pacific,MYS,Malaysia
EAS,East Asia & Pacific,MHL,Marshall Islands
EAS,East Asia & Pacific,FSM,Micronesia
EAS,East Asia & Pacific,MNG,Mongolia
EAS,East Asia & Pacific,MMR,Myanmar
EAS,East Asia & Pacific,NRU,Nauru
EAS,East Asia & Pacific,NCL,New Caledonia
EAS,East Asia & Pacific,NZL,New Zealand
EAS,East Asia & Pacific,MNP,Northern Mariana Islands
EAS,East Asia & Pacific,PLW,Palau
EAS,East Asia & Pacific,PNG,Papua New Guinea
EAS,East Asia & Pacific,PHL,Philippines
EAS,East Asia & Pacific,WSM,Samoa
EAS,East Asia & Pacific,SGP,Singapore
EAS,East Asia & Pacific,SLB,Solomon Islands
EAS,East Asia & Pacific,TWN,Taiwan
EAS,East Asia & Pacific,THA,Thailand
EAS,East Asia & Pacific,TLS,Timor-Leste
EAS,East Asia & Pacific,TON,Tonga
EAS,East Asia & Pacific,TUV,Tuvalu
EAS,East Asia & Pacific,VUT,Vanuatu
EAS,East Asia & Pacific,VNM,Vietnam
ECA,Europe & Central Asia (excluding high income),ALB,Albania
ECA,Europe & Central Asia (excluding high income),ARM,Armenia
ECA,Europe & Central Asia (excluding high income),AZE,Azerbaijan
ECA,Europe & Central Asia (excluding high income),BLR,Belarus
ECA,Europe & Central Asia (excluding high income),BIH,Bosnia and Herzegovina
ECA,Europe & Central Asia (excluding high income),BGR,Bulgaria
ECA,Europe & Central Asia (excluding high income),GEO,Georgia
ECA,Europe & Central Asia (excluding high income),KAZ,Kazakhstan
ECA,Europe & Central Asia (excluding high income),XKX,Kosovo
ECA,Europe & Central Asia (excluding high income),KGZ,Kyrgyz Republic
ECA,Europe & Central Asia (excluding high income),MKD,Macedonia
ECA,Europe & Central Asia (excluding high income),MDA,Moldova
ECA,Europe & Central Asia (excluding high income),MNE,Montenegro
ECA,Europe & Central Asia (excluding high income),ROU,Romania
ECA,Europe & Central Asia (excluding high income),RUS,Russian Federation
ECA,Europe & Central Asia (excluding high income),SRB,Serbia
ECA,Europe & Central Asia (excluding high income),TJK,Tajikistan
ECA,Europe & Central Asia (excluding high income),TUR,Turkey
ECA,Europe & Central Asia (excluding high income),TKM,Turkmenistan
ECA,Europe & Central Asia (excluding high income),UKR,Ukraine
ECA,Europe & Central Asia (excluding high income),UZB,Uzbekistan
ECS,Europe & Central Asia,ALB,Albania
ECS,Europe & Central Asia,AND,Andorra
ECS,Europe & Central Asia,ARM,Armenia
ECS,Europe & Central Asia,AUT,Austria
ECS,Europe & Central Asia,AZE,Azerbaijan
ECS,Europe & Central Asia,BLR,Belarus
ECS,Europe & Central Asia,BEL,Belgium
ECS,Europe & Central Asia,BIH,Bosnia and Herzegovina
ECS,Europe & Central Asia,BGR,Bulgaria
ECS,Europe & Central Asia,CHI,Channel Islands
ECS,Europe & Central Asia,HRV,Croatia
ECS,Europe & Central Asia,CYP,Cyprus
ECS,Europe & Central Asia,CZE,Czech Republic
ECS,Europe & Central Asia,DNK,Denmark
ECS,Europe & Central Asia,EST,Estonia
ECS,Europe & Central Asia,FRO,Faroe Islands
ECS,Europe & Central Asia,FIN,Finland
ECS,Europe & Central Asia,FRA,France
ECS,Europe & Central Asia,GEO,Georgia
ECS,Europe & Central Asia,DEU,Germany
ECS,Europe & Central Asia,GIB,Gibraltar
ECS,Europe & Central Asia,GRC,Greece
ECS,Europe & Central Asia,GRL,Greenland
ECS,Europe & Central Asia,HUN,Hungary
ECS,Europe & Central Asia,ISL,Iceland
ECS,Europe & Central Asia,IRL,Ireland
ECS,Europe & Central Asia,IMN,Isle of Man
ECS,Europe & Central Asia,ITA,Italy
ECS,Europe & Central Asia,KAZ,Kazakhstan
ECS,Europe & Central Asia,XKX,Kosovo
ECS,Europe & Central Asia,KGZ,Kyrgyz Republic
ECS,Europe & Central Asia,LVA,Latvia
ECS,Europe & Central Asia,LIE,Liechtenstein
ECS,Europe & Central Asia,LTU,Lithuania
ECS,Europe & Central Asia,LUX,Luxembourg
ECS,Europe & Central Asia,MKD,Macedonia
ECS,Europe & Central Asia,MDA,Moldova
ECS,Europe & Central Asia,MCO,Monaco
ECS,Europe & Central Asia,MNE,Montenegro
ECS,Europe & Central Asia,NLD,Netherlands
ECS,Europe & Central Asia,NOR,Norway
ECS,Europe & Central Asia,POL,Poland
ECS,Europe & Central Asia,PRT,Portugal
ECS,Europe & Central Asia,ROU,Romania
ECS,Europe & Central Asia,RUS,Russian Federation
ECS,Europe & Central Asia,SMR,San Marino
ECS,Europe & Central Asia,SRB,Serbia
ECS,Europe & Central Asia,SVK,Slovak Republic
ECS,Europe & Central Asia,SVN,Slovenia
ECS,Europe & Central Asia,ESP,Spain
ECS,Europe & Central Asia,SWE,Sweden
ECS,Europe & Central Asia,CHE,Switzerland
ECS,Europe & Central Asia,TJK,Tajikistan
ECS,Europe & Central Asia,TUR,Turkey
ECS,Europe & Central Asia,TKM,Turkmenistan
ECS,Europe & Central Asia,UKR,Ukraine
ECS,Europe & Central Asia,GBR,United Kingdom
ECS,Europe & Central Asia,UZB,Uzbekistan
EUU,European Union,AUT,Austria
EUU,European Union,BEL,Belgium
EUU,European Union,BGR,Bulgaria
EUU,European Union,HRV,Croatia
EUU,European Union,CYP,Cyprus
EUU,European Union,CZE,Czech Republic
EUU,European Union,DNK,Denmark
EUU,European Union,EST,Estonia
EUU,European Union,FIN,Finland
EUU,European Union,FRA,France
EUU,European Union,DEU,Germany
EUU,European Union,GRC,Greece
EUU,European Union,HUN,Hungary
EUU,European Union,IRL,Ireland
EUU,European Union,ITA,Italy
EUU,European Union,LVA,Latvia
EUU,European Union,LTU,Lithuania
EUU,European Union,LUX,Luxembourg
EUU,European Union,MLT,Malta
EUU,European Union,NLD,Netherlands
EUU,European Union,POL,Poland
EUU,European Union,PRT,Portugal
EUU,European Union,ROU,Romania
EUU,European Union,SVK,Slovak Republic
EUU,European Union,SVN,Slovenia
EUU,European Union,ESP,Spain
EUU,European Union,SWE,Sweden
EUU,European Union,GBR,United Kingdom
FCS,Fragile and conflict affected situations,AFG,Afghanistan
FCS,Fragile and conflict affected situations,BDI,Burundi
FCS,Fragile and conflict affected situations,CAF,Central African Republic
FCS,Fragile and conflict affected situations,TCD,Chad
FCS,Fragile and conflict affected situations,COM,Comoros
FCS,Fragile and conflict affected situations,COD,Dem Rep of the Congo
FCS,Fragile and conflict affected situations,CIV,Cote d'Ivoire
FCS,Fragile and conflict affected situations,DJI,Djibouti
FCS,Fragile and conflict affected situations,ERI,Eritrea
FCS,Fragile and conflict affected situations,GMB,Gambia
FCS,Fragile and conflict affected situations,GNB,Guinea-Bissau
FCS,Fragile and conflict affected situations,HTI,Haiti
FCS,Fragile and conflict affected situations,IRQ,Iraq
FCS,Fragile and conflict affected situations,KIR,Kiribati
FCS,Fragile and conflict affected situations,XKX,Kosovo
FCS,Fragile and conflict affected situations,LBN,Lebanon
FCS,Fragile and conflict affected situations,LBR,Liberia
FCS,Fragile and conflict affected situations,LBY,Libya
FCS,Fragile and conflict affected situations,MDG,Madagascar
FCS,Fragile and conflict affected situations,MLI,Mali
FCS,Fragile and conflict affected situations,MHL,Marshall Islands
FCS,Fragile and conflict affected situations,FSM,Micronesia
FCS,Fragile and conflict affected situations,MMR,Myanmar
FCS,Fragile and conflict affected situations,PNG,Papua New Guinea
FCS,Fragile and conflict affected situations,SLE,Sierra Leone
FCS,Fragile and conflict affected situations,SLB,Solomon Islands
FCS,Fragile and conflict affected situations,SOM,Somalia
FCS,Fragile and conflict affected situations,SSD,South Sudan
FCS,Fragile and conflict affected situations,SDN,Sudan
FCS,Fragile and conflict affected situations,SYR,Syrian Arab Republic
FCS,Fragile and conflict affected situations,TGO,Togo
FCS,Fragile and conflict affected situations,TUV,Tuvalu
FCS,Fragile and conflict affected situations,PSE,West Bank and Gaza
FCS,Fragile and conflict affected situations,YEM,Yemen
FCS,Fragile and conflict affected situations,ZWE,Zimbabwe
HIC,High income,ABW,Aruba
LIC,Low income,AFG,Afghanistan
LMC,Lower middle income,AGO,Angola
UMC,Upper middle income,ALB,Albania
HIC,High income,AND,Andorra
HIC,High income,ARE,United Arab Emirates
UMC,Upper middle income,ARG,Argentina
MIC,Middle income,AGO,Angola
UMC,Upper middle income,ASM,American Samoa
HIC,High income,ATG,Antigua and Barbuda
HIC,High income,AUS,Australia
HIC,High income,AUT,Austria
UMC,Upper middle income,AZE,Azerbaijan
LIC,Low income,BDI,Burundi
HIC,High income,BEL,Belgium
LIC,Low income,BEN,Benin
LIC,Low income,BFA,Burkina Faso
MIC,Middle income,ALB,Albania
UMC,Upper middle income,BGR,Bulgaria
HIC,High income,BHR,Bahrain
HIC,High income,BHS,Bahamas
UMC,Upper middle income,BIH,Bosnia and Herzegovina
UMC,Upper middle income,BLR,Belarus
UMC,Upper middle income,BLZ,Belize
HIC,High income,BMU,Bermuda
MIC,Middle income,ARG,Argentina
UMC,Upper middle income,BRA,Brazil
HIC,High income,BRB,Barbados
HIC,High income,BRN,Brunei Darussalam
LMC,Lower middle income,ARM,Armenia
UMC,Upper middle income,BWA,Botswana
LIC,Low income,CAF,Central African Republic
HIC,High income,CAN,Canada
HIC,High income,CHE,Switzerland
HIC,High income,CHI,Channel Islands
HIC,High income,CHL,Chile
UMC,Upper middle income,CHN,China
MIC,Middle income,ARM,Armenia
MIC,Middle income,ASM,American Samoa
LIC,Low income,COD,Dem Rep of the Congo
MIC,Middle income,AZE,Azerbaijan
UMC,Upper middle income,COL,Colombia
LIC,Low income,COM,Comoros
LMC,Lower middle income,BGD,Bangladesh
UMC,Upper middle income,CRI,Costa Rica
UMC,Upper middle income,CUB,Cuba
HIC,High income,CUW,Curacao
HIC,High income,CYM,Cayman Islands
HIC,High income,CYP,Cyprus
HIC,High income,CZE,Czech Republic
HIC,High income,DEU,Germany
MIC,Middle income,BGD,Bangladesh
UMC,Upper middle income,DMA,Dominica
HIC,High income,DNK,Denmark
UMC,Upper middle income,DOM,Dominican Republic
UMC,Upper middle income,DZA,Algeria
UMC,Upper middle income,ECU,Ecuador
MIC,Middle income,BGR,Bulgaria
LIC,Low income,ERI,Eritrea
HIC,High income,ESP,Spain
HIC,High income,EST,Estonia
LIC,Low income,ETH,Ethiopia
HIC,High income,FIN,Finland
UMC,Upper middle income,FJI,Fiji
HIC,High income,FRA,France
HIC,High income,FRO,Faroe Islands
MIC,Middle income,BIH,Bosnia and Herzegovina
UMC,Upper middle income,GAB,Gabon
HIC,High income,GBR,United Kingdom
MIC,Middle income,BLR,Belarus
MIC,Middle income,BLZ,Belize
HIC,High income,GIB,Gibraltar
LIC,Low income,GIN,Guinea
LIC,Low income,GMB,Gambia
LIC,Low income,GNB,Guinea-Bissau
UMC,Upper middle income,GNQ,Equatorial Guinea
HIC,High income,GRC,Greece
UMC,Upper middle income,GRD,Grenada
HPC,Heavily indebted poor countries (HIPC),AFG,Afghanistan
HPC,Heavily indebted poor countries (HIPC),BEN,Benin
HPC,Heavily indebted poor countries (HIPC),BOL,Bolivia
HPC,Heavily indebted poor countries (HIPC),BFA,Burkina Faso
HPC,Heavily indebted poor countries (HIPC),BDI,Burundi
HPC,Heavily indebted poor countries (HIPC),CMR,Cameroon
HPC,Heavily indebted poor countries (HIPC),CAF,Central African Republic
HPC,Heavily indebted poor countries (HIPC),TCD,Chad
HPC,Heavily indebted poor countries (HIPC),COM,Comoros
HPC,Heavily indebted poor countries (HIPC),COD,Dem Rep of the Congo
HPC,Heavily indebted poor countries (HIPC),COG,Rep of the Congo
HPC,Heavily indebted poor countries (HIPC),CIV,Cote d'Ivoire
HPC,Heavily indebted poor countries (HIPC),ERI,Eritrea
HPC,Heavily indebted poor countries (HIPC),ETH,Ethiopia
HPC,Heavily indebted poor countries (HIPC),GMB,Gambia
HPC,Heavily indebted poor countries (HIPC),GHA,Ghana
HPC,Heavily indebted poor countries (HIPC),GIN,Guinea
HPC,Heavily indebted poor countries (HIPC),GNB,Guinea-Bissau
HPC,Heavily indebted poor countries (HIPC),GUY,Guyana
HPC,Heavily indebted poor countries (HIPC),HTI,Haiti
HPC,Heavily indebted poor countries (HIPC),HND,Honduras
HPC,Heavily indebted poor countries (HIPC),LBR,Liberia
HPC,Heavily indebted poor countries (HIPC),MDG,Madagascar
HPC,Heavily indebted poor countries (HIPC),MWI,Malawi
HPC,Heavily indebted poor countries (HIPC),MLI,Mali
HPC,Heavily indebted poor countries (HIPC),MRT,Mauritania
HPC,Heavily indebted poor countries (HIPC),MOZ,Mozambique
HPC,Heavily indebted poor countries (HIPC),NIC,Nicaragua
HPC,Heavily indebted poor countries (HIPC),NER,Niger
HPC,Heavily indebted poor countries (HIPC),RWA,Rwanda
HPC,Heavily indebted poor countries (HIPC),STP,Sao Tome and Principe
HPC,Heavily indebted poor countries (HIPC),SEN,Senegal
HPC,Heavily indebted poor countries (HIPC),SLE,Sierra Leone
HPC,Heavily indebted poor countries (HIPC),SOM,Somalia
HPC,Heavily indebted poor countries (HIPC),SDN,Sudan
HPC,Heavily indebted poor countries (HIPC),TZA,Tanzania
HPC,Heavily indebted poor countries (HIPC),TGO,Togo
HPC,Heavily indebted poor countries (HIPC),UGA,Uganda
HPC,Heavily indebted poor countries (HIPC),ZMB,Zambia
LAC,Latin America & Caribbean (excluding high income),ARG,Argentina
LAC,Latin America & Caribbean (excluding high income),BLZ,Belize
LAC,Latin America & Caribbean (excluding high income),BOL,Bolivia
LAC,Latin America & Caribbean (excluding high income),BRA,Brazil
LAC,Latin America & Caribbean (excluding high income),COL,Colombia
LAC,Latin America & Caribbean (excluding high income),CRI,Costa Rica
LAC,Latin America & Caribbean (excluding high income),CUB,Cuba
LAC,Latin America & Caribbean (excluding high income),DMA,Dominica
LAC,Latin America & Caribbean (excluding high income),DOM,Dominican Republic
LAC,Latin America & Caribbean (excluding high income),ECU,Ecuador
LAC,Latin America & Caribbean (excluding high income),SLV,El Salvador
LAC,Latin America & Caribbean (excluding high income),GRD,Grenada
LAC,Latin America & Caribbean (excluding high income),GTM,Guatemala
LAC,Latin America & Caribbean (excluding high income),GUY,Guyana
LAC,Latin America & Caribbean (excluding high income),HTI,Haiti
LAC,Latin America & Caribbean (excluding high income),HND,Honduras
LAC,Latin America & Caribbean (excluding high income),JAM,Jamaica
LAC,Latin America & Caribbean (excluding high income),MEX,Mexico
LAC,Latin America & Caribbean (excluding high income),NIC,Nicaragua
LAC,Latin America & Caribbean (excluding high income),PAN,Panama
LAC,Latin America & Caribbean (excluding high income),PRY,Paraguay
LAC,Latin America & Caribbean (excluding high income),PER,Peru
LAC,Latin America & Caribbean (excluding high income),LCA,St. Lucia
LAC,Latin America & Caribbean (excluding high income),VCT,St. Vincent and the Grenadines
LAC,Latin America & Caribbean (excluding high income),SUR,Suriname
LAC,Latin America & Caribbean (excluding high income),VEN,Venezuela
LCN,Latin America & Caribbean,ATG,Antigua and Barbuda
LCN,Latin America & Caribbean,ARG,Argentina
LCN,Latin America & Caribbean,ABW,Aruba
LCN,Latin America & Caribbean,BHS,Bahamas
LCN,Latin America & Caribbean,BRB,Barbados
LCN,Latin America & Caribbean,BLZ,Belize
LCN,Latin America & Caribbean,BOL,Bolivia
LCN,Latin America & Caribbean,BRA,Brazil
LCN,Latin America & Caribbean,VGB,British Virgin Islands
LCN,Latin America & Caribbean,CYM,Cayman Islands
LCN,Latin America & Caribbean,CHL,Chile
LCN,Latin America & Caribbean,COL,Colombia
LCN,Latin America & Caribbean,CRI,Costa Rica
LCN,Latin America & Caribbean,CUB,Cuba
LCN,Latin America & Caribbean,CUW,Curacao
LCN,Latin America & Caribbean,DMA,Dominica
LCN,Latin America & Caribbean,DOM,Dominican Republic
LCN,Latin America & Caribbean,ECU,Ecuador
LCN,Latin America & Caribbean,SLV,El Salvador
LCN,Latin America & Caribbean,GRD,Grenada
LCN,Latin America & Caribbean,GTM,Guatemala
LCN,Latin America & Caribbean,GUY,Guyana
LCN,Latin America & Caribbean,HTI,Haiti
LCN,Latin America & Caribbean,HND,Honduras
LCN,Latin America & Caribbean,JAM,Jamaica
LCN,Latin America & Caribbean,MEX,Mexico
LCN,Latin America & Caribbean,NIC,Nicaragua
LCN,Latin America & Caribbean,PAN,Panama
LCN,Latin America & Caribbean,PRY,Paraguay
LCN,Latin America & Caribbean,PER,Peru
LCN,Latin America & Caribbean,PRI,Puerto Rico
LCN,Latin America & Caribbean,SXM,Sint Maarten (Dutch part)
LCN,Latin America & Caribbean,KNA,St. Kitts and Nevis
LCN,Latin America & Caribbean,LCA,St. Lucia
LCN,Latin America & Caribbean,MAF,St. Martin (French part)
LCN,Latin America & Caribbean,VCT,St. Vincent and the Grenadines
LCN,Latin America & Caribbean,SUR,Suriname
LCN,Latin America & Caribbean,TTO,Trinidad and Tobago
LCN,Latin America & Caribbean,TCA,Turks and Caicos Islands
LCN,Latin America & Caribbean,URY,Uruguay
LCN,Latin America & Caribbean,VEN,Venezuela
LCN,Latin America & Caribbean,VIR,Virgin Islands (U.S.)
LDC,Least Developed Countries (UN),AFG,Afghanistan
LDC,Least Developed Countries (UN),AGO,Angola
LDC,Least Developed Countries (UN),BGD,Bangladesh
LDC,Least Developed Countries (UN),BEN,Benin
LDC,Least Developed Countries (UN),BTN,Bhutan
LDC,Least Developed Countries (UN),BFA,Burkina Faso
LDC,Least Developed Countries (UN),BDI,Burundi
LDC,Least Developed Countries (UN),KHM,Cambodia
LDC,Least Developed Countries (UN),CAF,Central African Republic
LDC,Least Developed Countries (UN),TCD,Chad
LDC,Least Developed Countries (UN),COM,Comoros
LDC,Least Developed Countries (UN),COD,Dem Rep of the Congo
LDC,Least Developed Countries (UN),DJI,Djibouti
LDC,Least Developed Countries (UN),GNQ,Equatorial Guinea
LDC,Least Developed Countries (UN),ERI,Eritrea
LDC,Least Developed Countries (UN),ETH,Ethiopia
LDC,Least Developed Countries (UN),GMB,Gambia
LDC,Least Developed Countries (UN),GIN,Guinea
LDC,Least Developed Countries (UN),GNB,Guinea-Bissau
LDC,Least Developed Countries (UN),HTI,Haiti
LDC,Least Developed Countries (UN),KIR,Kiribati
LDC,Least Developed Countries (UN),LAO,Lao PDR
LDC,Least Developed Countries (UN),LSO,Lesotho
LDC,Least Developed Countries (UN),LBR,Liberia
LDC,Least Developed Countries (UN),MDG,Madagascar
LDC,Least Developed Countries (UN),MWI,Malawi
LDC,Least Developed Countries (UN),MLI,Mali
LDC,Least Developed Countries (UN),MRT,Mauritania
LDC,Least Developed Countries (UN),MOZ,Mozambique
LDC,Least Developed Countries (UN),MMR,Myanmar
LDC,Least Developed Countries (UN),NPL,Nepal
LDC,Least Developed Countries (UN),NER,Niger
LDC,Least Developed Countries (UN),RWA,Rwanda
LDC,Least Developed Countries (UN),STP,Sao Tome and Principe
LDC,Least Developed Countries (UN),SEN,Senegal
LDC,Least Developed Countries (UN),SLE,Sierra Leone
LDC,Least Developed Countries (UN),SLB,Solomon Islands
LDC,Least Developed Countries (UN),SOM,Somalia
LDC,Least Developed Countries (UN),SSD,South Sudan
LDC,Least Developed Countries (UN),SDN,Sudan
LDC,Least Developed Countries (UN),TZA,Tanzania
LDC,Least Developed Countries (UN),TLS,Timor-Leste
LDC,Least Developed Countries (UN),TGO,Togo
LDC,Least Developed Countries (UN),TUV,Tuvalu
LDC,Least Developed Countries (UN),UGA,Uganda
LDC,Least Developed Countries (UN),VUT,Vanuatu
LDC,Least Developed Countries (UN),YEM,Yemen
LDC,Least Developed Countries (UN),ZMB,Zambia
HIC,High income,GRL,Greenland
LMC,Lower middle income,BOL,Bolivia
HIC,High income,GUM,Guam
UMC,Upper middle income,GUY,Guyana
HIC,High income,HKG,Hong Kong SAR
MIC,Middle income,BOL,Bolivia
UMC,Upper middle income,HRV,Croatia
LIC,Low income,HTI,Haiti
HIC,High income,HUN,Hungary
MIC,Middle income,BRA,Brazil
HIC,High income,IMN,Isle of Man
LMC,Lower middle income,BTN,Bhutan
HIC,High income,IRL,Ireland
UMC,Upper middle income,IRN,Iran
UMC,Upper middle income,IRQ,Iraq
HIC,High income,ISL,Iceland
HIC,High income,ISR,Israel
HIC,High income,ITA,Italy
UMC,Upper middle income,JAM,Jamaica
MIC,Middle income,BTN,Bhutan
HIC,High income,JPN,Japan
UMC,Upper middle income,KAZ,Kazakhstan
MIC,Middle income,BWA,Botswana
MIC,Middle income,CHN,China
LMC,Lower middle income,CIV,Cote d'Ivoire
MIC,Middle income,CIV,Cote d'Ivoire
HIC,High income,KNA,St. Kitts and Nevis
HIC,High income,KOR,Korea (South)
HIC,High income,KWT,Kuwait
LMC,Lower middle income,CMR,Cameroon
UMC,Upper middle income,LBN,Lebanon
LIC,Low income,LBR,Liberia
UMC,Upper middle income,LBY,Libya
UMC,Upper middle income,LCA,St. Lucia
HIC,High income,LIE,Liechtenstein
MIC,Middle income,CMR,Cameroon
LMC,Lower middle income,COG,Rep of the Congo
HIC,High income,LTU,Lithuania
HIC,High income,LUX,Luxembourg
HIC,High income,LVA,Latvia
HIC,High income,MAC,Macao SAR
HIC,High income,MAF,St. Martin (French part)
MIC,Middle income,COG,Rep of the Congo
HIC,High income,MCO,Monaco
MIC,Middle income,COL,Colombia
LIC,Low income,MDG,Madagascar
UMC,Upper middle income,MDV,Maldives
UMC,Upper middle income,MEX,Mexico
UMC,Upper middle income,MHL,Marshall Islands
UMC,Upper middle income,MKD,Macedonia
LIC,Low income,MLI,Mali
HIC,High income,MLT,Malta
LMC,Lower middle income,CPV,Cabo Verde
UMC,Upper middle income,MNE,Montenegro
MIC,Middle income,CPV,Cabo Verde
HIC,High income,MNP,Northern Mariana Islands
LIC,Low income,MOZ,Mozambique
MIC,Middle income,CRI,Costa Rica
UMC,Upper middle income,MUS,Mauritius
LIC,Low income,MWI,Malawi
UMC,Upper middle income,MYS,Malaysia
UMC,Upper middle income,NAM,Namibia
HIC,High income,NCL,New Caledonia
LIC,Low income,NER,Niger
MIC,Middle income,CUB,Cuba
LMC,Lower middle income,DJI,Djibouti
HIC,High income,NLD,Netherlands
HIC,High income,NOR,Norway
LIC,Low income,NPL,Nepal
UMC,Upper middle income,NRU,Nauru
HIC,High income,NZL,New Zealand
HIC,High income,OMN,Oman
MIC,Middle income,DJI,Djibouti
UMC,Upper middle income,PAN,Panama
UMC,Upper middle income,PER,Peru
MIC,Middle income,DMA,Dominica
HIC,High income,PLW,Palau
MIC,Middle income,DOM,Dominican Republic
HIC,High income,POL,Poland
HIC,High income,PRI,Puerto Rico
LIC,Low income,PRK,Korea DPR (North)
HIC,High income,PRT,Portugal
UMC,Upper middle income,PRY,Paraguay
MIC,Middle income,DZA,Algeria
LMY,Low & middle income,AFG,Afghanistan
LMY,Low & middle income,ALB,Albania
LMY,Low & middle income,DZA,Algeria
LMY,Low & middle income,ASM,American Samoa
LMY,Low & middle income,AGO,Angola
LMY,Low & middle income,ARG,Argentina
LMY,Low & middle income,ARM,Armenia
LMY,Low & middle income,AZE,Azerbaijan
LMY,Low & middle income,BGD,Bangladesh
LMY,Low & middle income,BLR,Belarus
LMY,Low & middle income,BLZ,Belize
LMY,Low & middle income,BEN,Benin
LMY,Low & middle income,BTN,Bhutan
LMY,Low & middle income,BOL,Bolivia
LMY,Low & middle income,BIH,Bosnia and Herzegovina
LMY,Low & middle income,BWA,Botswana
LMY,Low & middle income,BRA,Brazil
LMY,Low & middle income,BGR,Bulgaria
LMY,Low & middle income,BFA,Burkina Faso
LMY,Low & middle income,BDI,Burundi
LMY,Low & middle income,CPV,Cabo Verde
LMY,Low & middle income,KHM,Cambodia
LMY,Low & middle income,CMR,Cameroon
LMY,Low & middle income,CAF,Central African Republic
LMY,Low & middle income,TCD,Chad
LMY,Low & middle income,CHN,China
LMY,Low & middle income,COL,Colombia
LMY,Low & middle income,COM,Comoros
LMY,Low & middle income,COD,Dem Rep of the Congo
LMY,Low & middle income,COG,Rep of the Congo
LMY,Low & middle income,CRI,Costa Rica
LMY,Low & middle income,CIV,Cote d'Ivoire
LMY,Low & middle income,CUB,Cuba
LMY,Low & middle income,DJI,Djibouti
LMY,Low & middle income,DMA,Dominica
LMY,Low & middle income,DOM,Dominican Republic
LMY,Low & middle income,ECU,Ecuador
LMY,Low & middle income,EGY,Egypt
LMY,Low & middle income,SLV,El Salvador
LMY,Low & middle income,GNQ,Equatorial Guinea
LMY,Low & middle income,ERI,Eritrea
LMY,Low & middle income,ETH,Ethiopia
LMY,Low & middle income,FJI,Fiji
LMY,Low & middle income,GAB,Gabon
LMY,Low & middle income,GMB,Gambia
LMY,Low & middle income,GEO,Georgia
LMY,Low & middle income,GHA,Ghana
LMY,Low & middle income,GRD,Grenada
LMY,Low & middle income,GTM,Guatemala
LMY,Low & middle income,GIN,Guinea
LMY,Low & middle income,GNB,Guinea-Bissau
LMY,Low & middle income,GUY,Guyana
LMY,Low & middle income,HTI,Haiti
LMY,Low & middle income,HND,Honduras
LMY,Low & middle income,IND,India
LMY,Low & middle income,IDN,Indonesia
LMY,Low & middle income,IRN,Iran
LMY,Low & middle income,IRQ,Iraq
LMY,Low & middle income,JAM,Jamaica
LMY,Low & middle income,JOR,Jordan
LMY,Low & middle income,KAZ,Kazakhstan
LMY,Low & middle income,KEN,Kenya
LMY,Low & middle income,KIR,Kiribati
LMY,Low & middle income,PRK,Korea DPR (North)
LMY,Low & middle income,XKX,Kosovo
LMY,Low & middle income,KGZ,Kyrgyz Republic
LMY,Low & middle income,LAO,Lao PDR
LMY,Low & middle income,LBN,Lebanon
LMY,Low & middle income,LSO,Lesotho
LMY,Low & middle income,LBR,Liberia
LMY,Low & middle income,LBY,Libya
LMY,Low & middle income,MKD,Macedonia
LMY,Low & middle income,MDG,Madagascar
LMY,Low & middle income,MWI,Malawi
LMY,Low & middle income,MYS,Malaysia
LMY,Low & middle income,MDV,Maldives
LMY,Low & middle income,MLI,Mali
LMY,Low & middle income,MHL,Marshall Islands
LMY,Low & middle income,MRT,Mauritania
LMY,Low & middle income,MUS,Mauritius
LMY,Low & middle income,MEX,Mexico
LMY,Low & middle income,FSM,Micronesia
LMY,Low & middle income,MDA,Moldova
LMY,Low & middle income,MNG,Mongolia
LMY,Low & middle income,MNE,Montenegro
LMY,Low & middle income,MAR,Morocco
LMY,Low & middle income,MOZ,Mozambique
LMY,Low & middle income,MMR,Myanmar
LMY,Low & middle income,NAM,Namibia
LMY,Low & middle income,NPL,Nepal
LMY,Low & middle income,NIC,Nicaragua
LMY,Low & middle income,NER,Niger
LMY,Low & middle income,NGA,Nigeria
LMY,Low & middle income,PAK,Pakistan
LMY,Low & middle income,PLW,Palau
LMY,Low & middle income,PAN,Panama
LMY,Low & middle income,PNG,Papua New Guinea
LMY,Low & middle income,PRY,Paraguay
LMY,Low & middle income,PER,Peru
LMY,Low & middle income,PHL,Philippines
LMY,Low & middle income,ROU,Romania
LMY,Low & middle income,RUS,Russian Federation
LMY,Low & middle income,RWA,Rwanda
LMY,Low & middle income,WSM,Samoa
LMY,Low & middle income,STP,Sao Tome and Principe
LMY,Low & middle income,SEN,Senegal
LMY,Low & middle income,SRB,Serbia
LMY,Low & middle income,SLE,Sierra Leone
LMY,Low & middle income,SLB,Solomon Islands
LMY,Low & middle income,SOM,Somalia
LMY,Low & middle income,ZAF,South Africa
LMY,Low & middle income,SSD,South Sudan
LMY,Low & middle income,LKA,Sri Lanka
LMY,Low & middle income,LCA,St. Lucia
LMY,Low & middle income,VCT,St. Vincent and the Grenadines
LMY,Low & middle income,SDN,Sudan
LMY,Low & middle income,SUR,Suriname
LMY,Low & middle income,SWZ,Swaziland
LMY,Low & middle income,SYR,Syrian Arab Republic
LMY,Low & middle income,TJK,Tajikistan
LMY,Low & middle income,TZA,Tanzania
LMY,Low & middle income,THA,Thailand
LMY,Low & middle income,TLS,Timor-Leste
LMY,Low & middle income,TGO,Togo
LMY,Low & middle income,TON,Tonga
LMY,Low & middle income,TUN,Tunisia
LMY,Low & middle income,TUR,Turkey
LMY,Low & middle income,TKM,Turkmenistan
LMY,Low & middle income,TUV,Tuvalu
LMY,Low & middle income,UGA,Uganda
LMY,Low & middle income,UKR,Ukraine
LMY,Low & middle income,UZB,Uzbekistan
LMY,Low & middle income,VUT,Vanuatu
LMY,Low & middle income,VEN,Venezuela
LMY,Low & middle income,VNM,Vietnam
LMY,Low & middle income,PSE,West Bank and Gaza
LMY,Low & middle income,YEM,Yemen
LMY,Low & middle income,ZMB,Zambia
LMY,Low & middle income,ZWE,Zimbabwe
MEA,Middle East & North Africa,DZA,Algeria
MEA,Middle East & North Africa,BHR,Bahrain
MEA,Middle East & North Africa,DJI,Djibouti
MEA,Middle East & North Africa,EGY,Egypt
MEA,Middle East & North Africa,IRN,Iran
MEA,Middle East & North Africa,IRQ,Iraq
MEA,Middle East & North Africa,ISR,Israel
MEA,Middle East & North Africa,JOR,Jordan
MEA,Middle East & North Africa,KWT,Kuwait
MEA,Middle East & North Africa,LBN,Lebanon
MEA,Middle East & North Africa,LBY,Libya
MEA,Middle East & North Africa,MLT,Malta
MEA,Middle East & North Africa,MAR,Morocco
MEA,Middle East & North Africa,OMN,Oman
MEA,Middle East & North Africa,QAT,Qatar
MEA,Middle East & North Africa,SAU,Saudi Arabia
MEA,Middle East & North Africa,SYR,Syrian Arab Republic
MEA,Middle East & North Africa,TUN,Tunisia
MEA,Middle East & North Africa,ARE,United Arab Emirates
MEA,Middle East & North Africa,PSE,West Bank and Gaza
MEA,Middle East & North Africa,YEM,Yemen
MIC,Middle income,ECU,Ecuador
LMC,Lower middle income,EGY,Egypt
MIC,Middle income,EGY,Egypt
MIC,Middle income,FJI,Fiji
LMC,Lower middle income,FSM,Micronesia
MIC,Middle income,FSM,Micronesia
MIC,Middle income,GAB,Gabon
LMC,Lower middle income,GEO,Georgia
MIC,Middle income,GEO,Georgia
LMC,Lower middle income,GHA,Ghana
MIC,Middle income,GHA,Ghana
MIC,Middle income,GNQ,Equatorial Guinea
MIC,Middle income,GRD,Grenada
LMC,Lower middle income,GTM,Guatemala
MIC,Middle income,GTM,Guatemala
MIC,Middle income,GUY,Guyana
LMC,Lower middle income,HND,Honduras
MIC,Middle income,HND,Honduras
LMC,Lower middle income,IDN,Indonesia
MIC,Middle income,IDN,Indonesia
LMC,Lower middle income,IND,India
MIC,Middle income,IND,India
MIC,Middle income,IRN,Iran
MIC,Middle income,IRQ,Iraq
MIC,Middle income,JAM,Jamaica
LMC,Lower middle income,JOR,Jordan
MIC,Middle income,JOR,Jordan
MIC,Middle income,KAZ,Kazakhstan
LMC,Lower middle income,KEN,Kenya
MIC,Middle income,KEN,Kenya
LMC,Lower middle income,KGZ,Kyrgyz Republic
MIC,Middle income,KGZ,Kyrgyz Republic
LMC,Lower middle income,KHM,Cambodia
MIC,Middle income,KHM,Cambodia
LMC,Lower middle income,KIR,Kiribati
MIC,Middle income,KIR,Kiribati
LMC,Lower middle income,LAO,Lao PDR
MIC,Middle income,LAO,Lao PDR
MIC,Middle income,LBN,Lebanon
MIC,Middle income,LBY,Libya
MIC,Middle income,LCA,St. Lucia
LMC,Lower middle income,LKA,Sri Lanka
MIC,Middle income,LKA,Sri Lanka
LMC,Lower middle income,LSO,Lesotho
MIC,Middle income,LSO,Lesotho
LMC,Lower middle income,MAR,Morocco
MIC,Middle income,MAR,Morocco
LMC,Lower middle income,MDA,Moldova
MIC,Middle income,MDA,Moldova
MIC,Middle income,MDV,Maldives
MIC,Middle income,MEX,Mexico
MIC,Middle income,MHL,Marshall Islands
MIC,Middle income,MKD,Macedonia
LMC,Lower middle income,MMR,Myanmar
MIC,Middle income,MMR,Myanmar
MIC,Middle income,MNE,Montenegro
LMC,Lower middle income,MNG,Mongolia
MIC,Middle income,MNG,Mongolia
LMC,Lower middle income,MRT,Mauritania
MIC,Middle income,MRT,Mauritania
MIC,Middle income,MUS,Mauritius
MIC,Middle income,MYS,Malaysia
MIC,Middle income,NAM,Namibia
LMC,Lower middle income,NGA,Nigeria
MIC,Middle income,NGA,Nigeria
LMC,Lower middle income,NIC,Nicaragua
MIC,Middle income,NIC,Nicaragua
LMC,Lower middle income,PAK,Pakistan
MIC,Middle income,PAK,Pakistan
MIC,Middle income,PAN,Panama
MIC,Middle income,PER,Peru
LMC,Lower middle income,PHL,Philippines
MIC,Middle income,PHL,Philippines
MIC,Middle income,PLW,Palau
LMC,Lower middle income,PNG,Papua New Guinea
MIC,Middle income,PNG,Papua New Guinea
MIC,Middle income,PRY,Paraguay
LMC,Lower middle income,PSE,West Bank and Gaza
MIC,Middle income,PSE,West Bank and Gaza
MIC,Middle income,ROU,Romania
MIC,Middle income,RUS,Russian Federation
MIC,Middle income,SDN,Sudan
LMC,Lower middle income,SDN,Sudan
MIC,Middle income,SLB,Solomon Islands
LMC,Lower middle income,SLB,Solomon Islands
MIC,Middle income,SLV,El Salvador
LMC,Lower middle income,SLV,El Salvador
MIC,Middle income,SRB,Serbia
MIC,Middle income,STP,Sao Tome and Principe
LMC,Lower middle income,STP,Sao Tome and Principe
MIC,Middle income,SUR,Suriname
MIC,Middle income,SWZ,Swaziland
LMC,Lower middle income,SWZ,Swaziland
MIC,Middle income,SYR,Syrian Arab Republic
LMC,Lower middle income,SYR,Syrian Arab Republic
MIC,Middle income,THA,Thailand
MIC,Middle income,TJK,Tajikistan
LMC,Lower middle income,TJK,Tajikistan
MIC,Middle income,TKM,Turkmenistan
MIC,Middle income,TLS,Timor-Leste
LMC,Lower middle income,TLS,Timor-Leste
MIC,Middle income,TON,Tonga
MIC,Middle income,TUN,Tunisia
LMC,Lower middle income,TUN,Tunisia
MIC,Middle income,TUR,Turkey
MIC,Middle income,TUV,Tuvalu
MIC,Middle income,UKR,Ukraine
LMC,Lower middle income,UKR,Ukraine
MNA,Middle East & North Africa (excluding high income),DZA,Algeria
MNA,Middle East & North Africa (excluding high income),DJI,Djibouti
MNA,Middle East & North Africa (excluding high income),EGY,Egypt
MNA,Middle East & North Africa (excluding high income),IRN,Iran
MNA,Middle East & North Africa (excluding high income),IRQ,Iraq
MNA,Middle East & North Africa (excluding high income),JOR,Jordan
MNA,Middle East & North Africa (excluding high income),LBN,Lebanon
MNA,Middle East & North Africa (excluding high income),LBY,Libya
MNA,Middle East & North Africa (excluding high income),MAR,Morocco
MNA,Middle East & North Africa (excluding high income),SYR,Syrian Arab Republic
MNA,Middle East & North Africa (excluding high income),TUN,Tunisia
MNA,Middle East & North Africa (excluding high income),PSE,West Bank and Gaza
MNA,Middle East & North Africa (excluding high income),YEM,Yemen
NAC,North America,BMU,Bermuda
NAC,North America,CAN,Canada
NAC,North America,USA,United States
OED,OECD members,AUS,Australia
OED,OECD members,AUT,Austria
OED,OECD members,BEL,Belgium
OED,OECD members,CAN,Canada
OED,OECD members,CHL,Chile
OED,OECD members,CZE,Czech Republic
OED,OECD members,DNK,Denmark
OED,OECD members,EST,Estonia
OED,OECD members,FIN,Finland
OED,OECD members,FRA,France
OED,OECD members,DEU,Germany
OED,OECD members,GRC,Greece
OED,OECD members,HUN,Hungary
OED,OECD members,ISL,Iceland
OED,OECD members,IRL,Ireland
OED,OECD members,ISR,Israel
OED,OECD members,ITA,Italy
OED,OECD members,JPN,Japan
OED,OECD members,KOR,Korea (South)
OED,OECD members,LVA,Latvia
OED,OECD members,LUX,Luxembourg
OED,OECD members,MEX,Mexico
OED,OECD members,NLD,Netherlands
OED,OECD members,NZL,New Zealand
OED,OECD members,NOR,Norway
OED,OECD members,POL,Poland
OED,OECD members,PRT,Portugal
OED,OECD members,SVK,Slovak Republic
OED,OECD members,SVN,Slovenia
OED,OECD members,ESP,Spain
OED,OECD members,SWE,Sweden
OED,OECD members,CHE,Switzerland
OED,OECD members,TUR,Turkey
OED,OECD members,GBR,United Kingdom
OED,OECD members,USA,United States
OSS,Other small states,BHR,Bahrain
OSS,Other small states,BTN,Bhutan
OSS,Other small states,BWA,Botswana
OSS,Other small states,BRN,Brunei Darussalam
OSS,Other small states,CPV,Cabo Verde
OSS,Other small states,COM,Comoros
OSS,Other small states,CYP,Cyprus
OSS,Other small states,DJI,Djibouti
OSS,Other small states,GNQ,Equatorial Guinea
OSS,Other small states,EST,Estonia
OSS,Other small states,GAB,Gabon
OSS,Other small states,GMB,Gambia
OSS,Other small states,GNB,Guinea-Bissau
OSS,Other small states,ISL,Iceland
OSS,Other small states,LSO,Lesotho
OSS,Other small states,MDV,Maldives
OSS,Other small states,MLT,Malta
OSS,Other small states,MUS,Mauritius
OSS,Other small states,MNE,Montenegro
OSS,Other small states,NAM,Namibia
OSS,Other small states,QAT,Qatar
OSS,Other small states,SMR,San Marino
OSS,Other small states,STP,Sao Tome and Principe
OSS,Other small states,SYC,Seychelles
OSS,Other small states,SWZ,Swaziland
OSS,Other small states,TLS,Timor-Leste
PSS,Pacific island small states,FJI,Fiji
PSS,Pacific island small states,KIR,Kiribati
PSS,Pacific island small states,MHL,Marshall Islands
PSS,Pacific island small states,FSM,Micronesia
PSS,Pacific island small states,NRU,Nauru
PSS,Pacific island small states,PLW,Palau
PSS,Pacific island small states,WSM,Samoa
PSS,Pacific island small states,SLB,Solomon Islands
PSS,Pacific island small states,TON,Tonga
PSS,Pacific island small states,TUV,Tuvalu
PSS,Pacific island small states,VUT,Vanuatu
SAS,South Asia,AFG,Afghanistan
SAS,South Asia,BGD,Bangladesh
SAS,South Asia,BTN,Bhutan
SAS,South Asia,IND,India
SAS,South Asia,MDV,Maldives
SAS,South Asia,NPL,Nepal
SAS,South Asia,PAK,Pakistan
SAS,South Asia,LKA,Sri Lanka
SSA,Sub-Saharan Africa (excluding high income),AGO,Angola
SSA,Sub-Saharan Africa (excluding high income),BEN,Benin
SSA,Sub-Saharan Africa (excluding high income),BWA,Botswana
SSA,Sub-Saharan Africa (excluding high income),BFA,Burkina Faso
SSA,Sub-Saharan Africa (excluding high income),BDI,Burundi
SSA,Sub-Saharan Africa (excluding high income),CPV,Cabo Verde
SSA,Sub-Saharan Africa (excluding high income),CMR,Cameroon
SSA,Sub-Saharan Africa (excluding high income),CAF,Central African Republic
SSA,Sub-Saharan Africa (excluding high income),TCD,Chad
SSA,Sub-Saharan Africa (excluding high income),COM,Comoros
SSA,Sub-Saharan Africa (excluding high income),COD,Dem Rep of the Congo
SSA,Sub-Saharan Africa (excluding high income),COG,Rep of the Congo
SSA,Sub-Saharan Africa (excluding high income),CIV,Cote d'Ivoire
SSA,Sub-Saharan Africa (excluding high income),GNQ,Equatorial Guinea
SSA,Sub-Saharan Africa (excluding high income),ERI,Eritrea
SSA,Sub-Saharan Africa (excluding high income),ETH,Ethiopia
SSA,Sub-Saharan Africa (excluding high income),GAB,Gabon
SSA,Sub-Saharan Africa (excluding high income),GMB,Gambia
SSA,Sub-Saharan Africa (excluding high income),GHA,Ghana
SSA,Sub-Saharan Africa (excluding high income),GIN,Guinea
SSA,Sub-Saharan Africa (excluding high income),GNB,Guinea-Bissau
SSA,Sub-Saharan Africa (excluding high income),KEN,Kenya
SSA,Sub-Saharan Africa (excluding high income),LSO,Lesotho
SSA,Sub-Saharan Africa (excluding high income),LBR,Liberia
SSA,Sub-Saharan Africa (excluding high income),MDG,Madagascar
SSA,Sub-Saharan Africa (excluding high income),MWI,Malawi
SSA,Sub-Saharan Africa (excluding high income),MLI,Mali
SSA,Sub-Saharan Africa (excluding high income),MRT,Mauritania
SSA,Sub-Saharan Africa (excluding high income),MUS,Mauritius
SSA,Sub-Saharan Africa (excluding high income),MOZ,Mozambique
SSA,Sub-Saharan Africa (excluding high income),NAM,Namibia
SSA,Sub-Saharan Africa (excluding high income),NER,Niger
SSA,Sub-Saharan Africa (excluding high income),NGA,Nigeria
SSA,Sub-Saharan Africa (excluding high income),RWA,Rwanda
SSA,Sub-Saharan Africa (excluding high income),STP,Sao Tome and Principe
SSA,Sub-Saharan Africa (excluding high income),SEN,Senegal
SSA,Sub-Saharan Africa (excluding high income),SLE,Sierra Leone
SSA,Sub-Saharan Africa (excluding high income),SOM,Somalia
SSA,Sub-Saharan Africa (excluding high income),ZAF,South Africa
SSA,Sub-Saharan Africa (excluding high income),SSD,South Sudan
SSA,Sub-Saharan Africa (excluding high income),SDN,Sudan
SSA,Sub-Saharan Africa (excluding high income),SWZ,Swaziland
SSA,Sub-Saharan Africa (excluding high income),TZA,Tanzania
SSA,Sub-Saharan Africa (excluding high income),TGO,Togo
SSA,Sub-Saharan Africa (excluding high income),UGA,Uganda
SSA,Sub-Saharan Africa (excluding high income),ZMB,Zambia
SSA,Sub-Saharan Africa (excluding high income),ZWE,Zimbabwe
SSF,Sub-Saharan Africa,AGO,Angola
SSF,Sub-Saharan Africa,BEN,Benin
SSF,Sub-Saharan Africa,BWA,Botswana
SSF,Sub-Saharan Africa,BFA,Burkina Faso
SSF,Sub-Saharan Africa,BDI,Burundi
SSF,Sub-Saharan Africa,CPV,Cabo Verde
SSF,Sub-Saharan Africa,CMR,Cameroon
SSF,Sub-Saharan Africa,CAF,Central African Republic
SSF,Sub-Saharan Africa,TCD,Chad
SSF,Sub-Saharan Africa,COM,Comoros
SSF,Sub-Saharan Africa,COD,Dem Rep of the Congo
SSF,Sub-Saharan Africa,COG,Rep of the Congo
SSF,Sub-Saharan Africa,CIV,Cote d'Ivoire
SSF,Sub-Saharan Africa,GNQ,Equatorial Guinea
SSF,Sub-Saharan Africa,ERI,Eritrea
SSF,Sub-Saharan Africa,ETH,Ethiopia
SSF,Sub-Saharan Africa,GAB,Gabon
SSF,Sub-Saharan Africa,GMB,Gambia
SSF,Sub-Saharan Africa,GHA,Ghana
SSF,Sub-Saharan Africa,GIN,Guinea
SSF,Sub-Saharan Africa,GNB,Guinea-Bissau
SSF,Sub-Saharan Africa,KEN,Kenya
SSF,Sub-Saharan Africa,LSO,Lesotho
SSF,Sub-Saharan Africa,LBR,Liberia
SSF,Sub-Saharan Africa,MDG,Madagascar
SSF,Sub-Saharan Africa,MWI,Malawi
SSF,Sub-Saharan Africa,MLI,Mali
SSF,Sub-Saharan Africa,MRT,Mauritania
SSF,Sub-Saharan Africa,MUS,Mauritius
SSF,Sub-Saharan Africa,MOZ,Mozambique
SSF,Sub-Saharan Africa,NAM,Namibia
SSF,Sub-Saharan Africa,NER,Niger
SSF,Sub-Saharan Africa,NGA,Nigeria
SSF,Sub-Saharan Africa,RWA,Rwanda
SSF,Sub-Saharan Africa,STP,Sao Tome and Principe
SSF,Sub-Saharan Africa,SEN,Senegal
SSF,Sub-Saharan Africa,SYC,Seychelles
SSF,Sub-Saharan Africa,SLE,Sierra Leone
SSF,Sub-Saharan Africa,SOM,Somalia
SSF,Sub-Saharan Africa,ZAF,South Africa
SSF,Sub-Saharan Africa,SSD,South Sudan
SSF,Sub-Saharan Africa,SDN,Sudan
SSF,Sub-Saharan Africa,SWZ,Swaziland
SSF,Sub-Saharan Africa,TZA,Tanzania
SSF,Sub-Saharan Africa,TGO,Togo
SSF,Sub-Saharan Africa,UGA,Uganda
SSF,Sub-Saharan Africa,ZMB,Zambia
SSF,Sub-Saharan Africa,ZWE,Zimbabwe
SST,Small states,ATG,Antigua and Barbuda
SST,Small states,BHS,Bahamas
SST,Small states,BHR,Bahrain
SST,Small states,BRB,Barbados
SST,Small states,BLZ,Belize
SST,Small states,BTN,Bhutan
SST,Small states,BWA,Botswana
SST,Small states,BRN,Brunei Darussalam
SST,Small states,CPV,Cabo Verde
SST,Small states,COM,Comoros
SST,Small states,CYP,Cyprus
SST,Small states,DJI,Djibouti
SST,Small states,DMA,Dominica
SST,Small states,GNQ,Equatorial Guinea
SST,Small states,EST,Estonia
SST,Small states,FJI,Fiji
SST,Small states,GAB,Gabon
SST,Small states,GMB,Gambia
SST,Small states,GRD,Grenada
SST,Small states,GNB,Guinea-Bissau
SST,Small states,GUY,Guyana
SST,Small states,ISL,Iceland
SST,Small states,JAM,Jamaica
SST,Small states,KIR,Kiribati
SST,Small states,LSO,Lesotho
SST,Small states,MDV,Maldives
SST,Small states,MLT,Malta
SST,Small states,MHL,Marshall Islands
SST,Small states,MUS,Mauritius
SST,Small states,FSM,Micronesia
SST,Small states,MNE,Montenegro
SST,Small states,NAM,Namibia
SST,Small states,NRU,Nauru
SST,Small states,PLW,Palau
SST,Small states,QAT,Qatar
SST,Small states,WSM,Samoa
SST,Small states,SMR,San Marino
SST,Small states,STP,Sao Tome and Principe
SST,Small states,SYC,Seychelles
SST,Small states,SLB,Solomon Islands
SST,Small states,KNA,St. Kitts and Nevis
SST,Small states,LCA,St. Lucia
SST,Small states,VCT,St. Vincent and the Grenadines
SST,Small states,SUR,Suriname
SST,Small states,SWZ,Swaziland
SST,Small states,TLS,Timor-Leste
SST,Small states,TON,Tonga
SST,Small states,TTO,Trinidad and Tobago
SST,Small states,TUV,Tuvalu
SST,Small states,VUT,Vanuatu
HIC,High income,PYF,French Polynesia
HIC,High income,QAT,Qatar
UMC,Upper middle income,ROU,Romania
UMC,Upper middle income,RUS,Russian Federation
LIC,Low income,RWA,Rwanda
HIC,High income,SAU,Saudi Arabia
MIC,Middle income,UZB,Uzbekistan
LIC,Low income,SEN,Senegal
HIC,High income,SGP,Singapore
LMC,Lower middle income,UZB,Uzbekistan
LIC,Low income,SLE,Sierra Leone
MIC,Middle income,VCT,St. Vincent and the Grenadines
HIC,High income,SMR,San Marino
LIC,Low income,SOM,Somalia
UMC,Upper middle income,SRB,Serbia
LIC,Low income,SSD,South Sudan
MIC,Middle income,VEN,Venezuela
UMC,Upper middle income,SUR,Suriname
HIC,High income,SVK,Slovak Republic
HIC,High income,SVN,Slovenia
HIC,High income,SWE,Sweden
MIC,Middle income,VNM,Vietnam
HIC,High income,SXM,Sint Maarten (Dutch part)
HIC,High income,SYC,Seychelles
LMC,Lower middle income,VNM,Vietnam
HIC,High income,TCA,Turks and Caicos Islands
LIC,Low income,TCD,Chad
LIC,Low income,TGO,Togo
UMC,Upper middle income,THA,Thailand
MIC,Middle income,VUT,Vanuatu
UMC,Upper middle income,TKM,Turkmenistan
LMC,Lower middle income,VUT,Vanuatu
UMC,Upper middle income,TON,Tonga
HIC,High income,TTO,Trinidad and Tobago
MIC,Middle income,WSM,Samoa
UMC,Upper middle income,TUR,Turkey
UMC,Upper middle income,TUV,Tuvalu
HIC,High income,TWN,Taiwan
LIC,Low income,TZA,Tanzania
LIC,Low income,UGA,Uganda
MIC,Middle income,XKX,Kosovo
HIC,High income,URY,Uruguay
HIC,High income,USA,United States
LMC,Lower middle income,XKX,Kosovo
UMC,Upper middle income,VCT,St. Vincent and the Grenadines
UMC,Upper middle income,VEN,Venezuela
HIC,High income,VGB,British Virgin Islands
HIC,High income,VIR,Virgin Islands (U.S.)
MIC,Middle income,YEM,Yemen
LMC,Lower middle income,YEM,Yemen
UMC,Upper middle income,WSM,Samoa
MIC,Middle income,ZAF,South Africa
MIC,Middle income,ZMB,Zambia
UMC,Upper middle income,ZAF,South Africa
LMC,Lower middle income,ZMB,Zambia
LIC,Low income,ZWE,Zimbabwe
WLD,World,AFG,Afghanistan
WLD,World,ALB,Albania
WLD,World,DZA,Algeria
WLD,World,ASM,American Samoa
WLD,World,AND,Andorra
WLD,World,AGO,Angola
WLD,World,ATG,Antigua and Barbuda
WLD,World,ARG,Argentina
WLD,World,ARM,Armenia
WLD,World,ABW,Aruba
WLD,World,AUS,Australia
WLD,World,AUT,Austria
WLD,World,AZE,Azerbaijan
WLD,World,BHS,Bahamas
WLD,World,BHR,Bahrain
WLD,World,BGD,Bangladesh
WLD,World,BRB,Barbados
WLD,World,BLR,Belarus
WLD,World,BEL,Belgium
WLD,World,BLZ,Belize
WLD,World,BEN,Benin
WLD,World,BMU,Bermuda
WLD,World,BTN,Bhutan
WLD,World,BOL,Bolivia
WLD,World,BIH,Bosnia and Herzegovina
WLD,World,BWA,Botswana
WLD,World,BRA,Brazil
WLD,World,VGB,British Virgin Islands
WLD,World,BRN,Brunei Darussalam
WLD,World,BGR,Bulgaria
WLD,World,BFA,Burkina Faso
WLD,World,BDI,Burundi
WLD,World,CPV,Cabo Verde
WLD,World,KHM,Cambodia
WLD,World,CMR,Cameroon
WLD,World,CAN,Canada
WLD,World,CYM,Cayman Islands
WLD,World,CAF,Central African Republic
WLD,World,TCD,Chad
WLD,World,CHI,Channel Islands
WLD,World,CHL,Chile
WLD,World,CHN,China
WLD,World,COL,Colombia
WLD,World,COM,Comoros
WLD,World,COD,Dem Rep of the Congo
WLD,World,COG,Rep of the Congo
WLD,World,CRI,Costa Rica
WLD,World,CIV,Cote d'Ivoire
WLD,World,HRV,Croatia
WLD,World,CUB,Cuba
WLD,World,CUW,Curacao
WLD,World,CYP,Cyprus
WLD,World,CZE,Czech Republic
WLD,World,DNK,Denmark
WLD,World,DJI,Djibouti
WLD,World,DMA,Dominica
WLD,World,DOM,Dominican Republic
WLD,World,ECU,Ecuador
WLD,World,EGY,Egypt
WLD,World,SLV,El Salvador
WLD,World,GNQ,Equatorial Guinea
WLD,World,ERI,Eritrea
WLD,World,EST,Estonia
WLD,World,ETH,Ethiopia
WLD,World,FRO,Faroe Islands
WLD,World,FJI,Fiji
WLD,World,FIN,Finland
WLD,World,FRA,France
WLD,World,PYF,French Polynesia
WLD,World,GAB,Gabon
WLD,World,GMB,Gambia
WLD,World,GEO,Georgia
WLD,World,DEU,Germany
WLD,World,GHA,Ghana
WLD,World,GIB,Gibraltar
WLD,World,GRC,Greece
WLD,World,GRL,Greenland
WLD,World,GRD,Grenada
WLD,World,GUM,Guam
WLD,World,GTM,Guatemala
WLD,World,GIN,Guinea
WLD,World,GNB,Guinea-Bissau
WLD,World,GUY,Guyana
WLD,World,HTI,Haiti
WLD,World,HND,Honduras
WLD,World,HKG,Hong Kong SAR
WLD,World,HUN,Hungary
WLD,World,ISL,Iceland
WLD,World,IND,India
WLD,World,IDN,Indonesia
WLD,World,IRN,Iran
WLD,World,IRQ,Iraq
WLD,World,IRL,Ireland
WLD,World,IMN,Isle of Man
WLD,World,ISR,Israel
WLD,World,ITA,Italy
WLD,World,JAM,Jamaica
WLD,World,JPN,Japan
WLD,World,JOR,Jordan
WLD,World,KAZ,Kazakhstan
WLD,World,KEN,Kenya
WLD,World,KIR,Kiribati
WLD,World,PRK,Korea DPR (North)
WLD,World,KOR,Korea (South)
WLD,World,XKX,Kosovo
WLD,World,KWT,Kuwait
WLD,World,KGZ,Kyrgyz Republic
WLD,World,LAO,Lao PDR
WLD,World,LVA,Latvia
WLD,World,LBN,Lebanon
WLD,World,LSO,Lesotho
WLD,World,LBR,Liberia
WLD,World,LBY,Libya
WLD,World,LIE,Liechtenstein
WLD,World,LTU,Lithuania
WLD,World,LUX,Luxembourg
WLD,World,MAC,Macao SAR
WLD,World,MKD,Macedonia
WLD,World,MDG,Madagascar
WLD,World,MWI,Malawi
WLD,World,MYS,Malaysia
WLD,World,MDV,Maldives
WLD,World,MLI,Mali
WLD,World,MLT,Malta
WLD,World,MHL,Marshall Islands
WLD,World,MRT,Mauritania
WLD,World,MUS,Mauritius
WLD,World,MEX,Mexico
WLD,World,FSM,Micronesia
WLD,World,MDA,Moldova
WLD,World,MCO,Monaco
WLD,World,MNG,Mongolia
WLD,World,MNE,Montenegro
WLD,World,MAR,Morocco
WLD,World,MOZ,Mozambique
WLD,World,MMR,Myanmar
WLD,World,NAM,Namibia
WLD,World,NRU,Nauru
WLD,World,NPL,Nepal
WLD,World,NLD,Netherlands
WLD,World,NCL,New Caledonia
WLD,World,NZL,New Zealand
WLD,World,NIC,Nicaragua
WLD,World,NER,Niger
WLD,World,NGA,Nigeria
WLD,World,MNP,Northern Mariana Islands
WLD,World,NOR,Norway
WLD,World,OMN,Oman
WLD,World,PAK,Pakistan
WLD,World,PLW,Palau
WLD,World,PAN,Panama
WLD,World,PNG,Papua New Guinea
WLD,World,PRY,Paraguay
WLD,World,PER,Peru
WLD,World,PHL,Philippines
WLD,World,POL,Poland
WLD,World,PRT,Portugal
WLD,World,PRI,Puerto Rico
WLD,World,QAT,Qatar
WLD,World,ROU,Romania
WLD,World,RUS,Russian Federation
WLD,World,RWA,Rwanda
WLD,World,WSM,Samoa
WLD,World,SMR,San Marino
WLD,World,STP,Sao Tome and Principe
WLD,World,SAU,Saudi Arabia
WLD,World,SEN,Senegal
WLD,World,SRB,Serbia
WLD,World,SYC,Seychelles
WLD,World,SLE,Sierra Leone
WLD,World,SGP,Singapore
WLD,World,SXM,Sint Maarten (Dutch part)
WLD,World,SVK,Slovak Republic
WLD,World,SVN,Slovenia
WLD,World,SLB,Solomon Islands
WLD,World,SOM,Somalia
WLD,World,ZAF,South Africa
WLD,World,SSD,South Sudan
WLD,World,ESP,Spain
WLD,World,LKA,Sri Lanka
WLD,World,KNA,St. Kitts and Nevis
WLD,World,LCA,St. Lucia
WLD,World,MAF,St. Martin (French part)
WLD,World,VCT,St. Vincent and the Grenadines
WLD,World,SDN,Sudan
WLD,World,SUR,Suriname
WLD,World,SWZ,Swaziland
WLD,World,SWE,Sweden
WLD,World,CHE,Switzerland
WLD,World,SYR,Syrian Arab Republic
WLD,World,TWN,Taiwan
WLD,World,TJK,Tajikistan
WLD,World,TZA,Tanzania
WLD,World,THA,Thailand
WLD,World,TLS,Timor-Leste
WLD,World,TGO,Togo
WLD,World,TON,Tonga
WLD,World,TTO,Trinidad and Tobago
WLD,World,TUN,Tunisia
WLD,World,TUR,Turkey
WLD,World,TKM,Turkmenistan
WLD,World,TCA,Turks and Caicos Islands
WLD,World,TUV,Tuvalu
WLD,World,UGA,Uganda
WLD,World,UKR,Ukraine
WLD,World,ARE,United Arab Emirates
WLD,World,GBR,United Kingdom
WLD,World,USA,United States
WLD,World,URY,Uruguay
WLD,World,UZB,Uzbekistan
WLD,World,VUT,Vanuatu
WLD,World,VEN,Venezuela
WLD,World,VNM,Vietnam
WLD,World,VIR,Virgin Islands (U.S.)
WLD,World,PSE,West Bank and Gaza
WLD,World,YEM,Yemen
WLD,World,ZMB,Zambia
WLD,World,ZWE,Zimbabwe
